site,trap,trap_id,day,ind,sex,species,carapace,mass,leeches,date,recap
A,8,8,1,300,F,CPIC,145,420,0,6/7/18,N
A,8,8,1,30,M,CPIC,109,170,0,6/7/18,N
A,8,8,1,27,F,CPIC,151,460,1,6/7/18,N
A,8,8,1,24,M,CPIC,135,270,0,6/7/18,N
A,8,8,1,70,F,CPIC,145,380,1,6/7/18,N
A,7,7,1,200,M,CSER,390,15200,NA,6/7/18,N
A,7,7,1,400,M,CSER,299,6260,6,6/7/18,N
A,7,7,1,90,M,CPIC,115,185,0,6/7/18,N
A,7,7,1,72,F,CPIC,145,370,0,6/7/18,N
A,7,7,1,71,M,CPIC,136,240,1,6/7/18,N
A,7,7,1,74,M,CPIC,130,270,0,6/7/18,N
A,5,5,1,700,F,CSER,262,4230,0,6/7/18,N
A,5,5,1,77,M,CPIC,123,220,0,6/7/18,N
A,5,5,1,100,F,CPIC,121,270,1,6/7/18,N
A,3,3,1,110,F,CPIC,135,330,0,6/7/18,N
A,1,1,1,220,M,CSER,278,5270,1,6/7/18,N
A,1,1,1,200,F,CPIC,147,405,1,6/7/18,N
A,1,1,1,120,M,CPIC,134,290,0,6/7/18,N
A,1,1,1,47,M,CPIC,139,280,0,6/7/18,N
A,1,1,1,4,F,SODO,109,200,0,6/7/18,N
A,1,1,2,17,M,CPIC,112,180,0,6/8/18,N
A,4,4,2,74,M,CPIC,131,270,0,6/8/18,R
A,5,5,2,300,F,CPIC,146,410,0,6/8/18,R
A,5,5,2,44,M,CPIC,115,170,0,6/8/18,N
A,8,8,2,50,F,CPIC,142,330,3,6/8/18,N
A,2,2,3,42,F,CPIC,153,410,0,6/9/18,N
A,3,3,3,24,M,CPIC,135,280,0,6/9/18,R
A,4,4,3,72,F,CPIC,144,380,0,6/9/18,R
A,4,4,3,79,F,CPIC,143,365,1,6/9/18,N
A,4,4,3,102,M,CPIC,103,140,0,6/9/18,N
A,5,5,3,107,F,CPIC,117,225,1,6/9/18,N
A,5,5,3,104,M,CPIC,132,280,0,6/9/18,N
A,5,5,3,47,F,CPIC,139,290,0,6/9/18,R
A,5,5,3,70,F,CPIC,145,400,0,6/9/18,R
A,5,5,3,71,M,CPIC,136,250,0,6/9/18,R
A,7,7,3,120,M,CSER,310,6450,7,6/9/18,N
A,7,7,3,101,F,CPIC,145,375,4,6/9/18,N
A,8,8,3,106,M,CPIC,104,150,0,6/9/18,N
A,8,8,3,90,M,CPIC,115,180,0,6/9/18,R
A,5,5,4,1,F,SODO,108,210,11,6/10/18,N
A,6,6,4,700,F,CSER,265,4180,0,6/10/18,R
A,6,6,4,23,F,CPIC,150,425,0,6/10/18,N
A,7,7,4,220,M,CSER,281,4860,0,6/10/18,R
A,7,7,4,18,M,CPIC,143,330,1,6/10/18,N
A,7,7,4,26,M,CPIC,105,150,0,6/10/18,N
A,7,7,4,34,M,CPIC,127,270,0,6/10/18,N
A,7,7,4,37,F,CPIC,101,160,1,6/10/18,N
A,7,7,4,46,M,CPIC,124,265,0,6/10/18,N
A,7,7,4,120,M,CPIC,134,30,0,6/10/18,R
A,7,7,4,30,M,CPIC,108,180,0,6/10/18,R
A,7,7,4,100,F,CPIC,121,270,0,6/10/18,R
A,8,8,4,73,F,CPIC,140,340,0,6/10/18,N
A,8,8,4,2,F,SODO,88,140,19,6/10/18,N
A,2,2,4,76,M,CPIC,125,250,4,6/10/18,N
A,3,3,4,78,M,CPIC,121,230,1,6/10/18,N
A,4,4,4,140,F,CPIC,151,425,0,6/10/18,N
A,4,4,4,170,M,CPIC,120,210,1,6/10/18,N
A,4,4,4,17,M,CPIC,113,180,0,6/10/18,R
A,4,4,4,72,F,CPIC,144,375,0,6/10/18,R
C,10,18,1,201,F,CPIC,110,190,0,6/12/18,N
C,10,18,1,202,F,CPIC,163,620,4,6/12/18,N
C,9,17,1,207,M,CPIC,136,300,2,6/12/18,N
C,9,17,1,204,M,CPIC,126,240,1,6/12/18,N
C,9,17,1,400,F,CPIC,131,290,0,6/12/18,N
C,8,16,1,51,M,CPIC,132,260,0,6/12/18,N
C,8,16,1,6,M,CPIC,121,240,1,6/12/18,R
C,8,16,1,121,M,CPIC,123,240,1,6/12/18,N
C,8,16,1,130,F,CSER,205,1820,86,6/12/18,N
C,8,16,1,48,F,CPIC,79,85,2,6/12/18,N
C,7,15,1,36,F,CPIC,154,485,1,6/12/18,N
C,7,15,1,52,M,CPIC,115,190,1,6/12/18,N
C,7,15,1,54,M,CPIC,119,235,10,6/12/18,N
C,4,12,1,70,F,CSER,216,2340,8,6/12/18,N
C,3,11,1,56,M,CPIC,139,300,2,6/12/18,N
C,3,11,1,57,F,CPIC,130,310,2,6/12/18,N
C,3,11,1,60,M,CPIC,132,270,0,6/12/18,N
C,3,11,1,63,M,CPIC,125,245,0,6/12/18,N
C,3,11,1,64,M,CPIC,126,240,2,6/12/18,N
C,2,10,1,65,M,CPIC,126,245,0,6/12/18,N
C,2,10,1,67,F,CPIC,132,300,1,6/12/18,N
C,1,9,1,75,M,CPIC,130,290,1,6/12/18,N
C,1,9,1,81,M,CPIC,122,235,2,6/12/18,N
D,2,20,1,401,M,CPIC,129,230,0,13-06-2018,N
D,2,20,1,402,M,CPIC,126,245,0,13-06-2018,N
D,2,20,1,240,F,CSER,233,2840,11,13-06-2018,N
D,3,21,1,240,M,CPIC,115,210,0,13-06-2018,N
D,3,21,1,220,M,CPIC,72,70,0,13-06-2018,N
D,5,23,1,270,M,CPIC,125,230,0,13-06-2018,N
D,5,23,1,22,NA,SODO,113,245,26,13-06-2018,N
D,7,25,1,404,M,CPIC,119,205,0,13-06-2018,N
D,7,25,1,407,M,CPIC,112,175,0,13-06-2018,N
D,7,25,1,111,F,CPIC,119,215,0,13-06-2018,N
D,7,25,1,112,M,CPIC,146,340,2,13-06-2018,N
D,7,25,1,114,M,CPIC,141,325,0,13-06-2018,N
D,7,25,1,124,F,CPIC,153,465,5,13-06-2018,N
C,4,12,2,410,F,CPIC,131,330,5,13-06-2018,N
C,9,17,2,70,M,CSER,307,6770,4,13-06-2018,R
D,2,20,2,410,F,SODO,98,165,20,14-06-2018,N
D,6,24,2,440,M,CSER,358,10840,30,14-06-2018,N
D,7,25,2,210,U,CPIC,69,50,0,14-06-2018,N
D,7,25,2,470,U,CPIC,71,50,0,14-06-2018,N
D,7,25,2,242,F,CPIC,150,440,4,14-06-2018,N
C,10,18,3,260,M,CPIC,114,190,1,14-06-2018,N
C,10,18,3,440,M,CPIC,117,190,1,14-06-2018,N
C,10,18,3,460,F,CPIC,157,490,4,14-06-2018,N
C,4,12,3,130,M,CPIC,132,250,1,14-06-2018,N
C,3,11,3,140,F,CSER,161,1220,3,14-06-2018,N
D,7,25,3,241,M,CPIC,75,60,0,15-06-2018,N
D,7,25,3,244,M,CPIC,115,195,0,15-06-2018,N
D,7,25,3,222,M,CPIC,134,285,0,15-06-2018,N
D,4,22,3,224,M,CPIC,136,320,1,15-06-2018,N
D,3,21,3,444,M,CPIC,129,235,1,15-06-2018,N
D,3,21,3,144,M,CPIC,143,300,0,15-06-2018,N
D,3,21,3,240,F,CSER,233,2590,2,15-06-2018,R
C,2,10,4,60,M,CSER,276,4890,3,15-06-2018,N
C,6,14,4,10,M,GINS,209,1330,1,15-06-2018,N
C,7,15,4,210,F,CSER,227,2650,16,15-06-2018,N
C,7,15,4,442,F,CPIC,167,530,0,15-06-2018,N
C,8,16,4,420,F,CSER,110,265,30,15-06-2018,N
C,10,18,4,430,M,CPIC,127,260,1,15-06-2018,N
C,10,18,4,420,M,CPIC,142,310,1,15-06-2018,N
C,10,18,4,63,M,CPIC,125,225,2,15-06-2018,R
C,10,18,4,320,F,CPIC,144,370,2,15-06-2018,N
C,10,18,4,60,M,CPIC,133,260,1,15-06-2018,R
D,2,20,4,142,F,CPIC,145,355,5,16-06-2018,N
D,3,21,4,141,F,CPIC,157,435,2,16-06-2018,N
D,7,25,4,222,M,CPIC,135,275,7,16-06-2018,R
D,7,25,4,240,M,CPIC,124,225,1,16-06-2018,R
E,14,40,1,410,F,CSER,260,4200,2,19-06-2018,N
E,14,40,1,470,F,CSER,135,530,15,19-06-2018,N
E,14,40,1,260,M,CSER,218,2560,8,19-06-2018,N
E,12,38,1,350,M,CPIC,137,290,1,19-06-2018,N
E,12,38,1,344,M,CPIC,133,280,0,19-06-2018,N
E,12,38,1,342,M,CPIC,136,280,0,19-06-2018,N
E,12,38,1,12,M,SODO,119,210,12,19-06-2018,N
E,12,38,1,14,F,SODO,111,220,9,19-06-2018,N
E,12,38,1,102,F,SODO,107,200,10,19-06-2018,N
E,12,38,1,10,M,PRUB,250,1670,1,19-06-2018,N
E,11,37,1,104,F,SODO,110,210,5,19-06-2018,N
E,11,37,1,340,F,CSER,272,5220,6,19-06-2018,N
E,10,36,1,103,F,CPIC,154,430,1,19-06-2018,N
E,10,36,1,113,F,CPIC,152,460,6,19-06-2018,N
E,10,36,1,122,M,CPIC,135,260,1,19-06-2018,N
E,10,36,1,430,F,CSER,261,3890,15,19-06-2018,N
E,10,36,1,230,M,CSER,341,10350,1,19-06-2018,N
E,9,35,1,20,M,PRUB,255,1940,6,19-06-2018,N
E,9,35,1,115,F,CPIC,146,430,4,19-06-2018,N
E,9,35,1,105,M,CPIC,119,210,2,19-06-2018,N
E,9,35,1,160,F,CPIC,162,540,3,19-06-2018,N
E,9,35,1,150,F,CPIC,144,420,2,19-06-2018,N
E,9,35,1,212,F,CPIC,124,220,5,19-06-2018,N
E,9,35,1,214,F,CPIC,150,420,9,19-06-2018,N
E,9,35,1,460,F,CSER,280,5540,13,19-06-2018,N
E,8,34,1,411,F,CPIC,130,290,3,19-06-2018,N
E,8,34,1,412,F,CPIC,148,400,9,19-06-2018,N
E,8,34,1,111,M,SODO,94,150,11,19-06-2018,N
E,8,34,1,112,M,SODO,90,145,10,19-06-2018,N
E,8,34,1,310,M,CSER,337,10250,5,19-06-2018,N
E,5,31,1,414,F,CPIC,172,625,5,19-06-2018,N
E,5,31,1,250,M,CPIC,129,260,7,19-06-2018,N
E,5,31,1,21,F,SODO,102,190,8,19-06-2018,N
E,5,31,1,403,F,CPIC,147,385,4,19-06-2018,N
E,4,30,1,150,F,CSER,305,6190,20,19-06-2018,N
E,4,30,1,450,F,CSER,196,1860,25,19-06-2018,N
E,4,30,1,321,F,CPIC,156,510,8,19-06-2018,N
E,4,30,1,221,F,CPIC,146,385,5,19-06-2018,N
E,4,30,1,421,M,CPIC,134,310,0,19-06-2018,N
E,4,30,1,211,M,CPIC,125,260,1,19-06-2018,N
E,4,30,1,420,F,SODO,100,180,30,19-06-2018,N
E,3,29,1,510,F,CSER,303,7020,3,19-06-2018,N
E,3,29,1,300,F,SODO,107,200,7,19-06-2018,N
E,3,29,1,430,F,SODO,96,155,4,19-06-2018,N
E,3,29,1,440,F,SODO,114,240,40,19-06-2018,N
E,3,29,1,310,F,SODO,95,120,20,19-06-2018,N
E,3,29,1,211,F,SODO,123,250,20,19-06-2018,N
E,3,29,1,320,M,SODO,97,110,10,19-06-2018,N
E,3,29,1,247,M,CPIC,139,315,4,19-06-2018,N
E,2,28,1,441,M,CPIC,118,170,8,19-06-2018,N
E,13,39,2,204,F,SODO,113,250,7,20-06-2018,N
E,12,38,2,221,F,CPIC,147,380,1,20-06-2018,R
E,12,38,2,424,F,CPIC,146,395,2,20-06-2018,N
E,12,38,2,20,M,PRUB,255,1850,1,20-06-2018,R
E,12,38,2,40,M,PRUB,244,1650,5,20-06-2018,N
E,12,38,2,340,F,SODO,101,185,16,20-06-2018,N
E,11,37,2,190,U,CPIC,75,65,3,20-06-2018,N
E,10,36,2,450,M,SODO,95,80,45,20-06-2018,N
E,8,34,2,402,F,SODO,108,215,25,20-06-2018,N
E,7,33,2,100,F,PRUB,289,3340,1,20-06-2018,N
E,6,32,2,430,F,CSER,261,3890,11,20-06-2018,R
E,6,32,2,82,F,CPIC,160,495,3,20-06-2018,N
E,6,32,2,84,F,CPIC,142,345,NA,20-06-2018,N
E,5,31,2,342,M,CPIC,133,270,1,20-06-2018,R
E,5,31,2,91,U,CPIC,78,70,1,20-06-2018,N
E,5,31,2,222,M,SODO,98,145,20,20-06-2018,N
E,14,40,3,85,F,CPIC,150,390,1,21-06-2018,N
E,13,39,3,421,M,CPIC,135,320,1,21-06-2018,R
E,13,39,3,90,M,SODO,108,200,7,21-06-2018,N
E,12,38,3,150,F,CPIC,147,440,1,21-06-2018,R
E,12,38,3,87,M,CPIC,124,250,0,21-06-2018,N
E,12,38,3,1,U,PRUB,93,130,2,21-06-2018,N
E,11,37,3,247,M,CPIC,141,320,0,21-06-2018,R
E,11,37,3,117,F,CPIC,165,560,3,21-06-2018,N
E,9,35,3,127,M,CPIC,128,290,0,21-06-2018,N
E,5,31,3,123,M,CPIC,116,215,8,21-06-2018,N
E,5,31,3,125,F,CPIC,136,400,1,21-06-2018,N
E,3,31,3,94,F,CPIC,140,350,3,21-06-2018,N
E,3,31,3,97,F,CPIC,136,320,NA,21-06-2018,N
E,13,39,4,146,F,CPIC,146,410,0,22-06-2018,N
E,13,39,4,34,F,SODO,105,190,50,22-06-2018,N
E,12,38,4,1000,F,CPIC,154,495,1,22-06-2018,N
E,4,30,4,2000,U,CPIC,80,80,1,22-06-2018,N
E,3,29,4,103,F,CPIC,155,460,0,22-06-2018,R
E,3,29,4,404,F,SODO,95,150,13,22-06-2018,N
E,2,28,4,344,M,CPIC,136,290,6,22-06-2018,R
E,2,28,4,4000,F,CPIC,145,415,7,22-06-2018,N
E,2,28,4,3000,F,CPIC,168,580,2,22-06-2018,N
E,2,28,4,6000,M,CPIC,143,320,0,22-06-2018,N
F,7,47,1,83,M,CPIC,115,175,0,26-06-2018,N
F,7,47,1,145,M,CPIC,126,225,0,26-06-2018,N
F,7,47,1,171,M,CPIC,122,250,1,26-06-2018,N
F,7,47,1,86,M,CPIC,134,285,0,26-06-2018,N
F,7,47,1,93,M,CPIC,133,290,0,26-06-2018,N
F,7,47,1,70,M,PRUB,254,1770,0,26-06-2018,N
F,7,47,1,4,M,PRUB,245,1630,4,26-06-2018,N
F,7,47,1,2,M,PRUB,270,2150,4,26-06-2018,N
F,6,46,1,3,M,SODO,128,260,12,26-06-2018,N
F,6,46,1,95,M,CPIC,112,190,5,26-06-2018,N
F,6,46,1,96,F,CPIC,153,450,NA,26-06-2018,N
F,6,46,1,116,M,CPIC,131,265,0,26-06-2018,N
F,6,46,1,126,M,CPIC,132,250,1,26-06-2018,N
F,6,46,1,131,M,CPIC,135,250,0,26-06-2018,N
F,6,46,1,132,M,CPIC,118,195,0,26-06-2018,N
F,6,46,1,143,M,CPIC,106,145,0,26-06-2018,N
F,6,46,1,151,M,CPIC,125,250,2,26-06-2018,N
F,6,46,1,152,M,CPIC,125,270,0,26-06-2018,N
F,6,46,1,154,M,CPIC,132,280,3,26-06-2018,N
F,6,46,1,134,M,CPIC,145,340,2,26-06-2018,N
F,6,46,1,1135,M,CPIC,136,280,0,26-06-2018,N
F,5,45,1,250,F,CSER,228,2810,15,26-06-2018,N
F,5,45,1,500,F,CSER,222,2490,6,26-06-2018,N
F,5,45,1,600,F,CSER,266,4840,10,26-06-2018,N
F,5,45,1,320,M,CSER,383,12920,25,26-06-2018,N
F,5,45,1,5000,M,CPIC,128,230,0,26-06-2018,N
F,5,45,1,1001,F,CPIC,158,420,4,26-06-2018,N
F,5,45,1,180,M,CPIC,125,230,1,26-06-2018,N
F,5,45,1,181,M,CPIC,127,240,0,26-06-2018,N
F,5,45,1,182,M,CPIC,136,300,2,26-06-2018,N
F,5,45,1,184,M,CPIC,131,260,1,26-06-2018,N
F,5,45,1,172,M,CPIC,126,240,0,26-06-2018,N
F,5,45,1,174,M,CPIC,128,250,0,26-06-2018,N
F,5,45,1,173,M,CPIC,138,290,0,26-06-2018,N
F,5,45,1,175,M,CPIC,141,330,0,26-06-2018,N
F,5,45,1,2002,M,CPIC,138,270,3,26-06-2018,N
F,5,45,1,176,M,CPIC,137,280,4,26-06-2018,N
F,5,45,1,135,M,CPIC,131,260,0,26-06-2018,N
F,5,45,1,133,M,CPIC,133,290,2,26-06-2018,N
F,4,44,1,330,F,CSER,249,4210,10,26-06-2018,N
F,4,44,1,153,M,CPIC,123,230,0,26-06-2018,N
F,4,44,1,156,M,CPIC,117,200,0,26-06-2018,N
F,4,44,1,155,M,CPIC,138,290,0,26-06-2018,N
F,4,44,1,2004,M,CPIC,124,225,0,26-06-2018,N
F,4,44,1,2006,M,CPIC,131,275,0,26-06-2018,N
F,4,44,1,2005,M,CPIC,133,260,2,26-06-2018,N
F,4,44,1,4001,M,CPIC,151,340,0,26-06-2018,N
F,4,44,1,2003,U,CPIC,85,80,0,26-06-2018,N
F,4,44,1,1002,U,CPIC,86,80,0,26-06-2018,N
F,4,44,1,4006,M,CPIC,110,160,0,26-06-2018,N
F,4,44,1,4002,M,CPIC,101,130,2,26-06-2018,N
F,4,44,1,2000,M,PRUB,278,2570,0,26-06-2018,N
F,4,44,1,1004,M,CPIC,137,300,1,26-06-2018,N
F,4,44,1,2010,M,CPIC,123,245,0,26-06-2018,N
F,4,44,1,2020,M,CPIC,123,240,0,26-06-2018,N
F,4,44,1,2040,M,CPIC,138,290,0,26-06-2018,N
F,4,44,1,2060,M,CPIC,131,260,0,26-06-2018,N
F,4,44,1,2030,M,CPIC,120,200,0,26-06-2018,N
F,4,44,1,2100,M,CPIC,135,285,2,26-06-2018,N
F,4,44,1,2025,M,CPIC,131,250,0,26-06-2018,N
F,4,44,1,2200,M,CPIC,133,265,0,26-06-2018,N
F,4,44,1,2401,M,CPIC,126,220,0,26-06-2018,N
F,4,44,1,2700,M,CPIC,132,240,1,26-06-2018,N
F,4,44,1,4100,M,CPIC,136,300,0,26-06-2018,N
F,4,44,1,2400,F,CPIC,149,400,0,26-06-2018,N
F,4,44,1,1400,F,CPIC,163,575,1,26-06-2018,N
F,4,44,1,12,M,PRUB,177,690,0,26-06-2018,N
F,4,44,1,3,M,PRUB,171,650,1,26-06-2018,N
F,3,43,1,3010,M,CPIC,141,340,0,26-06-2018,N
F,3,43,1,3101,M,CPIC,130,245,0,26-06-2018,N
F,3,43,1,3100,F,CPIC,141,360,0,26-06-2018,N
F,3,43,1,3002,M,CPIC,134,255,0,26-06-2018,N
F,3,43,1,3200,M,CPIC,130,260,0,26-06-2018,N
F,3,43,1,3004,M,CPIC,116,200,0,26-06-2018,N
F,3,43,1,3020,M,CPIC,128,260,3,26-06-2018,N
F,3,43,1,3040,M,CPIC,120,190,2,26-06-2018,N
F,3,43,1,3400,M,CPIC,130,260,0,26-06-2018,N
F,3,43,1,3700,F,CPIC,155,480,0,26-06-2018,N
F,3,43,1,1700,M,CPIC,136,270,2,26-06-2018,N
F,3,43,1,2102,M,CPIC,138,350,3,26-06-2018,N
F,3,43,1,2101,M,CPIC,135,295,1,26-06-2018,N
F,3,43,1,14,M,PRUB,222,1270,4,26-06-2018,N
F,3,43,1,350,F,CSER,285,4950,NA,26-06-2018,N
F,2,42,1,360,M,CSER,269,4910,NA,26-06-2018,N
F,2,42,1,11,M,PRUB,264,3450,NA,26-06-2018,N
F,2,42,1,21,M,PRUB,166,850,NA,26-06-2018,N
F,2,42,1,2202,M,CPIC,131,290,NA,26-06-2018,N
F,2,42,1,2204,M,CPIC,131,280,NA,26-06-2018,N
F,2,42,1,5002,M,CPIC,127,240,NA,26-06-2018,N
F,2,42,1,134,M,CPIC,125,260,NA,26-06-2018,R
F,2,42,1,5040,M,CPIC,144,350,NA,26-06-2018,N
F,2,42,1,520,M,CPIC,122,230,NA,26-06-2018,N
F,2,42,1,5010,M,CPIC,102,150,NA,26-06-2018,N
F,2,42,1,4400,M,CPIC,129,310,NA,26-06-2018,N
F,2,42,1,5400,M,CPIC,131,280,NA,26-06-2018,N
F,2,42,1,1103,F,CPIC,131,310,NA,26-06-2018,N
F,2,42,1,1110,M,CPIC,114,190,NA,26-06-2018,N
F,2,42,1,2220,M,CPIC,114,180,NA,26-06-2018,N
F,2,42,1,4440,M,CPIC,131,310,NA,26-06-2018,N
F,2,42,1,2112,M,CPIC,145,400,NA,26-06-2018,N
F,2,42,1,4112,M,CPIC,141,335,NA,26-06-2018,N
F,2,42,1,1401,M,CPIC,130,260,NA,26-06-2018,N
F,2,42,1,1402,M,CPIC,130,290,NA,26-06-2018,N
F,2,42,1,1404,M,CPIC,136,275,NA,26-06-2018,N
F,7,47,2,310,M,CPIC,131,280,2,27-06-2018,N
F,7,47,2,304,M,CPIC,121,250,1,27-06-2018,N
F,6,46,2,302,M,CPIC,125,240,6,27-06-2018,N
F,6,46,2,405,M,CPIC,130,250,0,27-06-2018,N
F,6,46,2,406,M,CPIC,134,275,0,27-06-2018,N
F,6,46,2,422,M,CPIC,120,220,0,27-06-2018,N
F,6,46,2,450,M,CPIC,123,210,0,27-06-2018,N
F,6,46,2,301,M,CPIC,135,325,1,27-06-2018,N
F,5,45,2,203,M,CPIC,123,240,1,27-06-2018,N
F,5,45,2,205,M,CPIC,138,315,2,27-06-2018,N
F,4,44,2,133,M,CPIC,127,270,1,27-06-2018,R
F,4,44,2,151,M,CPIC,126,265,0,27-06-2018,R
F,4,44,2,5002,M,CPIC,126,230,1,27-06-2018,R
F,4,44,2,2204,M,CPIC,130,270,3,27-06-2018,R
F,4,44,2,206,M,CPIC,99,130,0,27-06-2018,N
F,4,44,2,520,M,CPIC,125,260,1,27-06-2018,R
F,4,44,2,213,M,CPIC,120,205,0,27-06-2018,N
F,4,44,2,215,M,CPIC,145,370,1,27-06-2018,N
F,4,44,2,216,F,CPIC,140,375,3,27-06-2018,N
F,2,42,2,132,M,CPIC,117,200,0,27-06-2018,R
F,2,42,2,223,F,CPIC,123,250,0,27-06-2018,N
F,2,42,2,225,M,CPIC,124,240,2,27-06-2018,N
F,7,47,3,520,F,CSER,241,3570,4,28-06-2018,N
F,6,46,3,21B,M,SODO,123,245,12,28-06-2018,N
F,5,45,3,330,M,CPIC,139,290,0,28-06-2018,N
F,5,45,3,341,M,CPIC,115,180,0,28-06-2018,N
F,5,45,3,370,M,CPIC,123,235,0,28-06-2018,N
F,5,45,3,371,F,CPIC,134,300,0,28-06-2018,N
F,4,44,3,3700,F,CPIC,155,490,1,28-06-2018,R
F,4,44,3,372,F,CPIC,130,375,0,28-06-2018,N
F,4,44,3,32,F,SODO,115,250,5,28-06-2018,N
F,3,43,3,280,U,CPIC,87,90,0,28-06-2018,N
F,3,43,3,182,M,CPIC,136,305,1,28-06-2018,R
F,3,43,3,205,M,CPIC,139,320,1,28-06-2018,R
F,1,41,3,2202,M,CPIC,134,285,0,28-06-2018,R
F,1,41,3,192,F,CPIC,132,280,0,28-06-2018,N
F,1,41,3,191,F,CPIC,142,340,1,28-06-2018,N
F,1,41,3,7194,F,CPIC,140,345,0,28-06-2018,N
F,7,47,4,225,M,CPIC,126,230,0,29-06-2018,R
F,7,47,4,194,F,CPIC,129,280,1,29-06-2018,N
F,7,47,4,193,M,CPIC,117,210,0,29-06-2018,N
F,7,47,4,900,M,CPIC,107,130,1,29-06-2018,N
F,6,46,4,901,M,CPIC,123,220,3,29-06-2018,N
F,6,46,4,902,M,CPIC,135,270,0,29-06-2018,N
F,6,46,4,903,F,CPIC,134,290,1,29-06-2018,N
F,6,46,4,904,M,CPIC,135,255,0,29-06-2018,N
F,5,45,4,910,F,CPIC,150,410,0,29-06-2018,N
F,4,44,4,2220,M,CPIC,115,180,0,29-06-2018,R
F,4,44,4,920,U,CPIC,96,110,2,29-06-2018,N
F,2,42,4,350,F,CSER,281,4820,9,29-06-2018,R
F,2,42,4,2,M,PRUB,268,2170,1,29-06-2018,R
F,2,42,4,310,M,CPIC,133,260,0,29-06-2018,R
F,2,42,4,126,M,CPIC,130,240,0,29-06-2018,R
F,2,42,4,290,M,CPIC,134,240,0,29-06-2018,N
F,2,42,4,272,F,CPIC,150,440,1,29-06-2018,N
F,2,42,4,271,F,CPIC,162,490,0,29-06-2018,N
F,2,42,4,273,M,CPIC,125,240,0,29-06-2018,N
F,2,42,4,274,M,CPIC,147,300,1,29-06-2018,N
F,2,42,4,282,M,CPIC,129,240,1,29-06-2018,N
F,2,42,4,284,M,CPIC,132,230,1,29-06-2018,N
F,2,42,4,232,M,CPIC,118,190,0,29-06-2018,N
G,7,54,1,800,M,CPIC,125,250,0,7/3/18,N
G,7,54,1,2001,M,CPIC,100,120,2,7/3/18,N
G,7,54,1,700,M,CPIC,122,195,0,7/3/18,N
G,7,54,1,701,M,CPIC,122,220,0,7/3/18,N
G,7,54,1,702,M,CPIC,115,180,1,7/3/18,N
G,7,54,1,30,F,PRUB,179,715,2,7/3/18,N
G,7,54,1,50,F,PRUB,199,920,19,7/3/18,N
G,7,54,1,22,M,PRUB,244,1850,2,7/3/18,N
G,7,54,1,280,F,SODO,96,150,30,7/3/18,N
G,7,54,1,5,M,SODO,87,70,4,7/3/18,N
G,7,54,1,62,M,SODO,105,140,8,7/3/18,N
G,6,53,1,23,F,PRUB,314,3630,5,7/3/18,N
G,6,53,1,90,F,PRUB,199,985,1,7/3/18,N
G,6,53,1,60,F,PRUB,263,2120,1,7/3/18,N
G,6,53,1,41,M,PRUB,216,1080,6,7/3/18,N
G,6,53,1,42,F,PRUB,205,1000,1,7/3/18,N
G,6,53,1,110,M,PRUB,226,1310,0,7/3/18,N
G,6,53,1,120,M,PRUB,207,1010,NA,7/3/18,N
G,6,53,1,704,F,CPIC,138,305,2,7/3/18,N
G,6,53,1,710,F,CPIC,124,240,0,7/3/18,N
G,6,53,1,703,F,CPIC,135,300,1,7/3/18,N
G,5,52,1,370,F,CSER,252,3040,8,7/3/18,N
G,5,52,1,4003,M,CPIC,138,265,0,7/3/18,N
G,5,52,1,740,M,CPIC,137,275,5,7/3/18,N
G,4,51,1,720,F,CPIC,151,440,0,7/3/18,N
G,2,49,1,2021,M,CPIC,121,285,0,7/3/18,N
G,2,49,1,2022,F,CPIC,154,440,1,7/3/18,N
G,2,49,1,2024,F,CPIC,150,400,NA,7/3/18,N
G,2,49,1,2402,M,CPIC,116,170,NA,7/3/18,N
G,2,49,1,11,M,SODO,98,130,NA,7/3/18,N
G,1,48,1,540,F,CSER,244,3260,3,7/3/18,N
G,1,48,1,640,M,CSER,357,9260,16,7/3/18,N
G,1,48,1,102,M,PRUB,168,565,1,7/3/18,N
G,1,48,1,170,M,PRUB,229,1290,NA,7/3/18,N
G,1,48,1,140,M,PRUB,208,1080,NA,7/3/18,N
G,1,48,1,760,M,CPIC,128,250,2,7/3/18,N
G,1,48,1,2404,M,CPIC,116,180,0,7/3/18,N
G,1,48,1,770,F,CPIC,141,330,1,7/3/18,N
G,1,48,1,771,M,CPIC,133,260,0,7/3/18,N
G,1,48,1,772,M,CPIC,110,150,1,7/3/18,N
G,1,48,1,774,F,CPIC,138,315,0,7/3/18,N
G,1,48,1,780,M,CPIC,124,240,0,7/3/18,N
G,1,48,1,790,M,CPIC,128,230,0,7/3/18,N
G,1,48,1,4004,M,CPIC,137,290,1,7/3/18,N
G,1,48,1,4010,M,CPIC,131,220,2,7/3/18,N
G,6,53,2,5,M,PRUB,228,1370,2,7/4/18,N
G,6,53,2,800,M,CPIC,125,245,0,7/4/18,R
G,6,53,2,510,M,CPIC,135,295,40,7/4/18,N
G,5,52,2,160,F,PRUB,120,250,0,7/4/18,N
G,5,52,2,1540,M,CPIC,120,210,0,7/4/18,N
G,5,52,2,501,F,CPIC,145,370,0,7/4/18,N
G,5,52,2,502,M,CPIC,121,210,0,7/4/18,N
G,4,51,2,720,F,CPIC,151,440,0,7/4/18,R
G,4,51,2,504,M,CPIC,130,265,1,7/4/18,N
G,3,50,2,505,F,CPIC,133,300,1,7/4/18,N
G,2,49,2,503,M,CPIC,126,220,0,7/4/18,N
G,2,49,2,190,F,PRUB,104,170,0,7/4/18,N
G,2,49,2,51,M,PRUB,190,780,1,7/4/18,N
G,2,49,2,170,M,PRUB,229,1370,1,7/4/18,R
G,2,49,2,200,M,PRUB,240,1500,1,7/4/18,N
G,1,48,2,400,F,PRUB,103,175,1,7/4/18,N
G,1,48,2,540,M,CPIC,104,130,1,7/4/18,N
G,1,48,2,570,F,CPIC,131,290,0,7/4/18,N
G,7,54,3,640,M,CSER,358,9590,5,7/5/18,R
G,7,54,3,740,M,CPIC,138,280,0,7/5/18,R
G,7,54,3,504,M,CPIC,131,260,6,7/5/18,R
G,7,54,3,4003,M,CPIC,138,280,0,7/5/18,R
G,7,54,3,1702,F,CPIC,143,345,0,7/5/18,N
G,7,54,3,1701,M,CPIC,121,195,0,7/5/18,N
G,7,54,3,1704,M,CPIC,116,180,0,7/5/18,N
G,7,54,3,1703,F,CPIC,144,375,1,7/5/18,N
G,6,53,3,1500,F,CPIC,140,320,5,7/5/18,N
G,4,51,3,1540,M,CPIC,121,210,0,7/5/18,R
G,4,51,3,2402,M,CPIC,116,170,0,7/5/18,R
G,4,51,3,2022,F,CPIC,155,430,1,7/5/18,R
G,4,51,3,1501,M,CPIC,117,185,0,7/5/18,N
G,4,51,3,1502,M,CPIC,128,245,5,7/5/18,N
G,3,50,3,1504,M,CPIC,110,230,2,7/5/18,N
G,2,49,3,6001,M,CPIC,139,265,0,7/5/18,N
G,2,49,3,50,F,PRUB,200,895,5,7/5/18,R
G,2,49,3,101,F,PRUB,161,765,4,7/5/18,N
G,2,49,3,201,M,PRUB,240,1550,0,7/5/18,N
G,1,48,3,1300,M,CPIC,108,150,1,7/5/18,N
G,1,48,3,1302,M,CPIC,116,175,1,7/5/18,N
G,1,48,3,1301,M,CPIC,114,180,0,7/5/18,N
G,1,48,3,1304,M,CPIC,132,230,2,7/5/18,N
G,1,48,3,202,F,PRUB,182,770,8,7/5/18,N
G,7,54,4,1310,M,CPIC,114,155,0,7/6/18,N
G,7,54,4,1320,F,CPIC,152,410,1,7/6/18,N
G,7,54,4,1400,F,PRUB,95,140,0,7/6/18,N
G,7,54,4,300,F,PRUB,188,820,5,7/6/18,N
G,6,53,4,200,M,PRUB,242,1490,6,7/6/18,R
G,5,52,4,6002,M,CPIC,130,230,2,7/6/18,N
G,5,52,4,1340,F,CPIC,142,350,3,7/6/18,N
G,4,51,4,1702,F,CPIC,144,330,0,7/6/18,R
G,4,51,4,42,F,PRUB,206,1000,0,7/6/18,R
G,4,51,4,220,M,PRUB,218,1050,1,7/6/18,N
G,4,51,4,240,M,PRUB,195,960,3,7/6/18,N
G,4,51,4,420,M,PRUB,236,1380,3,7/6/18,N
G,4,51,4,410,F,PRUB,207,1100,1,7/6/18,N
G,4,51,4,204,M,PRUB,248,1790,4,7/6/18,N
G,4,51,4,440,M,PRUB,267,1860,0,7/6/18,N
G,4,51,4,104,M,PRUB,265,2090,0,7/6/18,N
G,3,50,4,234,M,CPIC,121,220,0,7/6/18,N
G,3,50,4,501,F,CPIC,145,370,1,7/6/18,R
G,3,50,4,305,M,CPIC,138,270,2,7/6/18,N
G,3,50,4,601,M,PRUB,187,720,0,7/6/18,N
G,3,50,4,61,M,PRUB,257,2010,3,7/6/18,N
G,3,50,4,62,M,PRUB,275,2330,1,7/6/18,N
G,3,50,4,32,F,PRUB,276,2680,2,7/6/18,N
G,3,50,4,52,F,PRUB,253,2090,0,7/6/18,N
G,2,49,4,530,F,CSER,271,4180,5,7/6/18,N
G,2,49,4,550,M,CSER,341,8890,10,7/6/18,N
G,1,48,4,570,F,CPIC,132,290,3,7/6/18,R
G,1,48,4,423,F,CPIC,139,340,5,7/6/18,N
I,1,58,1,410,F,CPIC,134,295,8,7/10/18,R
I,1,58,1,243,M,CPIC,119,165,1,7/10/18,N
I,2,59,1,245,F,CPIC,164,570,1,7/10/18,N
I,1,59,2,430,M,CPIC,128,255,1,7/11/18,R
I,3,60,2,201,F,CPIC,111,175,2,7/11/18,R
I,3,60,2,207,M,CPIC,135,295,2,7/11/18,R
I,3,60,2,251,M,CPIC,119,195,1,7/11/18,N
I,3,60,2,252,M,CPIC,133,270,3,7/11/18,N
I,3,60,2,254,M,CPIC,128,255,2,7/11/18,N
H,1,55,2,311,M,CPIC,135,280,1,7/11/18,N
H,2,56,2,312,M,CPIC,128,260,2,7/11/18,N
J,1,61,1,323,M,CPIC,123,220,0,7/11/18,N
J,1,61,1,322,M,CPIC,126,260,0,7/11/18,N
J,1,61,1,324,F,CPIC,147,385,0,7/11/18,N
J,1,61,1,314,F,CPIC,131,295,0,7/11/18,N
J,1,61,1,441,M,PRUB,164,525,0,7/11/18,N
J,1,61,1,150,F,PRUB,276,2510,0,7/11/18,N
J,1,61,1,130,F,PRUB,300,3190,2,7/11/18,N
J,1,61,1,73,F,SODO,90,125,0,7/11/18,N
J,1,61,1,701,M,SODO,97,140,0,7/11/18,N
J,1,61,1,700+40+70,F,SODO,97,140,0,7/11/18,N
J,1,61,1,460,M,SODO,69,40,0,7/11/18,N
J,2,62,1,306,F,CPIC,125,240,0,7/11/18,N
J,2,62,1,303,M,CPIC,133,250,5,7/11/18,N
J,2,62,1,44,M,PRUB,187,745,1,7/11/18,N
J,2,62,1,61,F,SODO,89,110,4,7/11/18,N
J,2,62,1,121,F,SODO,88,100,0,7/11/18,N
J,3,63,1,413,M,CPIC,106,130,1,7/11/18,N
J,3,63,1,415,F,CPIC,105,150,0,7/11/18,N
J,3,63,1,425,F,CPIC,121,235,2,7/11/18,N
J,3,63,1,426,M,CPIC,127,230,1,7/11/18,N
J,3,63,1,461,M,CPIC,124,225,1,7/11/18,N
J,3,63,1,31,M,SODO,100,150,2,7/11/18,N
J,4,64,1,198,M,CPIC,117,175,0,7/11/18,N
J,4,64,1,196,M,CPIC,90,90,0,7/11/18,N
J,4,64,1,630,M,CSER,317,7730,4,7/11/18,N
J,4,64,1,462,M,CPIC,98,115,2,7/11/18,N
J,4,64,1,246,F,CPIC,137,310,0,7/11/18,N
J,4,64,1,195,M,CPIC,128,235,0,7/11/18,N
J,4,64,1,620,M,CSER,248,3110,3,7/11/18,N
J,5,65,1,560,F,CSER,262,3680,30,7/11/18,N
J,5,65,1,610,M,CSER,221,2440,0,7/11/18,N
J,5,65,1,226,M,CPIC,107,150,0,7/11/18,N
J,5,65,1,235,M,CPIC,97,115,2,7/11/18,N
J,5,65,1,177,M,CPIC,94,100,1,7/11/18,N
J,5,65,1,261,F,CPIC,121,210,1,7/11/18,N
J,5,65,1,326,F,CPIC,131,280,1,7/11/18,N
J,6,66,1,7,M,PRUB,208,940,1,7/11/18,N
J,6,66,1,183,M,CPIC,129,270,1,7/11/18,N
J,6,66,1,236,M,CPIC,95,110,0,7/11/18,N
J,6,66,1,291,M,CPIC,135,285,0,7/11/18,N
J,6,66,1,292,F,CPIC,132,280,0,7/11/18,N
J,6,66,1,185,M,CPIC,127,250,1,7/11/18,N
J,6,66,1,294,M,CPIC,111,175,0,7/11/18,N
J,6,66,1,80,F,PRUB,209,1030,2,7/11/18,N
J,7,67,1,275,F,CPIC,137,350,NA,7/11/18,N
J,9,69,1,266,M,CPIC,129,290,1,7/11/18,N
J,9,69,1,263,M,CPIC,114,170,NA,7/11/18,N
J,9,69,1,6,F,SODO,86,110,NA,7/11/18,N
J,10,70,1,307,F,CPIC,120,260,NA,7/11/18,N
J,10,70,1,281,M,CPIC,116,190,NA,7/11/18,N
J,10,70,1,105,F,SODO,91,125,NA,7/11/18,N
J,10,70,1,106,NA,SODO,95,130,NA,7/11/18,N
I,3,60,3,276,F,CPIC,146,435,1,7/12/18,N
I,3,60,3,264,F,CPIC,152,410,5,7/12/18,N
H,2,56,3,374,M,CPIC,134,290,1,7/12/18,N
J,1,61,2,315,F,CPIC,113,190,1,7/12/18,N
J,1,61,2,316,F,CPIC,120,240,1,7/12/18,N
J,1,61,2,88,M,CPIC,112,155,0,7/12/18,N
J,1,61,2,277,M,CPIC,135,255,0,7/12/18,N
J,1,61,2,52,M,SODO,117,205,0,7/12/18,R
J,1,61,2,1000,F,SODO,86,100,0,7/12/18,N
J,2,62,2,331,M,CPIC,109,150,0,7/12/18,N
J,2,62,2,332,F,CPIC,144,365,0,7/12/18,N
J,3,63,2,362,U,CPIC,81,60,0,7/12/18,N
J,4,64,2,630,M,CSER,317,7460,10,7/12/18,R
J,5,65,2,471,F,CPIC,125,245,0,7/12/18,N
J,5,65,2,334,M,CPIC,117,180,0,7/12/18,N
J,5,65,2,364,M,CPIC,102,180,2,7/12/18,N
J,5,65,2,427,F,CPIC,132,260,0,7/12/18,N
J,5,65,2,477,M,CPIC,117,145,1,7/12/18,N
J,8,68,2,81,M,PRUB,85,90,0,7/12/18,N
J,8,68,2,44,M,PRUB,189,780,1,7/12/18,R
J,8,68,2,24,M,PRUB,172,565,1,7/12/18,N
J,8,68,2,103,F,PRUB,258,2140,0,7/12/18,N
J,8,68,2,111,M,PRUB,262,2190,0,7/12/18,N
J,8,68,2,71,M,PRUB,240,1340,0,7/12/18,N
J,8,68,2,150,F,PRUB,276,2320,NA,7/12/18,R
J,8,68,2,380,M,CPIC,121,200,1,7/12/18,N
J,9,69,2,130,F,PRUB,300,3030,0,7/12/18,R
J,10,70,2,227,M,CPIC,115,175,0,7/12/18,N
J,10,70,2,217,M,CPIC,108,155,1,7/12/18,N
J,10,70,2,447,M,CPIC,130,225,0,7/12/18,N
J,10,70,2,360,M,CPIC,139,265,0,7/12/18,N
J,10,70,2,8,F,SODO,92,120,0,7/12/18,N
J,10,70,2,20,F,CSER,251,3380,NA,7/12/18,R
I,1,58,4,287,M,CPIC,130,250,0,13-07-2018,N
I,2,59,4,64,M,CPIC,129,220,1,13-07-2018,R
I,2,59,4,374,M,CPIC,130,290,3,13-07-2018,R
J,4,64,3,25,F,PRUB,189,820,2,13-07-2018,N
J,4,64,3,28,M,PRUB,262,2060,0,13-07-2018,N
J,4,64,3,64,F,PRUB,282,2550,1,13-07-2018,N
J,4,64,3,122,F,PRUB,275,2470,NA,13-07-2018,N
J,4,64,3,54,F,PRUB,151,435,0,13-07-2018,N
J,4,64,3,43,F,PRUB,213,1160,0,13-07-2018,N
J,4,64,3,443,M,CPIC,94,100,0,13-07-2018,N
J,4,64,3,445,M,CPIC,113,165,0,13-07-2018,N
J,4,64,3,416,M,CPIC,124,210,1,13-07-2018,N
J,4,64,3,432,F,CPIC,141,315,0,13-07-2018,N
J,5,65,3,431,F,CPIC,139,320,0,13-07-2018,N
J,5,65,3,212,F,SODO,82,80,1,13-07-2018,N
J,5,65,3,214,F,SODO,99,155,5,13-07-2018,N
J,6,66,3,49,M,CPIC,113,160,0,13-07-2018,R
J,6,66,3,263,M,CPIC,114,175,0,13-07-2018,R
J,6,66,3,303,M,CPIC,134,250,0,13-07-2018,R
J,6,66,3,417,M,CPIC,120,205,1,13-07-2018,N
J,6,66,3,408,F,CPIC,145,365,46,13-07-2018,N
J,6,66,3,23,F,SODO,92,125,1,13-07-2018,N
J,7,67,3,800,F,PRUB,209,975,1,13-07-2018,R
J,7,67,3,16,F,PRUB,139,355,0,13-07-2018,N
J,7,67,3,323,M,CPIC,123,210,0,13-07-2018,R
J,7,67,3,71B,M,CPIC,135,280,0,13-07-2018,R
J,7,67,3,451,M,CPIC,126,205,0,13-07-2018,N
J,9,69,3,111,M,PRUB,263,2200,0,13-07-2018,R
J,9,69,3,360,M,PRUB,279,3520,4,13-07-2018,N
J,9,69,3,260,M,PRUB,250,1690,9,13-07-2018,N
J,10,70,3,460,M,PRUB,280,2460,40,13-07-2018,N
J,10,70,3,441,M,PRUB,164,530,1,13-07-2018,R
J,10,70,3,266,M,CPIC,132,270,1,13-07-2018,R
J,10,70,3,291,M,CPIC,135,275,0,13-07-2018,R
J,10,70,3,409,F,CPIC,97,120,1,13-07-2018,N
J,10,70,3,390,M,CPIC,130,260,0,13-07-2018,N
J,10,70,3,418,M,CPIC,98,125,0,13-07-2018,N
J,10,70,3,64,F,SODO,91,125,1,13-07-2018,N
J,10,70,3,114,M,SODO,78,70,2,13-07-2018,N
J,2,62,4,122,M,SODO,90,90,3,14-07-2018,N
J,4,64,4,130,F,PRUB,298,2980,0,14-07-2018,R
J,4,64,4,150,F,PRUB,275,2390,1,14-07-2018,R
J,5,65,4,434,M,CPIC,124,215,0,14-07-2018,N
J,5,65,4,112,M,PRUB,183,645,3,14-07-2018,N
J,6,66,4,452,M,CPIC,117,185,2,14-07-2018,N
J,6,66,4,454,F,CPIC,140,355,1,14-07-2018,N
J,7,67,4,464,M,CPIC,117,200,0,14-07-2018,N
J,7,67,4,472,F,CPIC,135,280,1,14-07-2018,N
J,7,67,4,474,F,CPIC,137,310,0,14-07-2018,N
J,8,68,4,20,F,CSER,251,3490,0,14-07-2018,R
J,10,70,4,124,M,SODO,108,155,1,14-07-2018,N
K,10,80,1,660,M,CSER,258,4260,2,18-07-2018,N
K,10,80,1,5,M,CPIC,134,260,0,18-07-2018,R
K,10,80,1,137,M,CPIC,113,170,0,18-07-2018,N
K,10,80,1,148,F,CPIC,140,320,2,18-07-2018,N
K,10,80,1,118,M,CPIC,138,350,2,18-07-2018,N
K,10,80,1,72,F,SODO,64,40,2,18-07-2018,N
K,9,79,1,138,M,CPIC,125,240,0,18-07-2018,N
K,9,79,1,139,M,CPIC,123,220,1,18-07-2018,N
K,9,79,1,157,F,CPIC,165,570,2,18-07-2018,N
K,9,79,1,158,F,CPIC,166,580,8,18-07-2018,N
K,9,79,1,159,M,CPIC,111,170,0,18-07-2018,N
K,8,79,1,690,M,CSER,336,11140,7,18-07-2018,N
K,8,79,1,119,F,CPIC,161,530,1,18-07-2018,N
K,8,79,1,465,M,CPIC,135,330,0,18-07-2018,N
K,7,77,1,1009,M,CPIC,129,240,0,18-07-2018,N
K,5,75,1,188,M,CPIC,95,90,0,18-07-2018,N
K,4,74,1,149,F,CPIC,73,50,0,18-07-2018,N
K,3,73,1,381,F,CPIC,84,70,0,18-07-2018,N
K,2,72,1,197,M,CPIC,130,240,0,18-07-2018,N
K,2,72,1,186,M,CPIC,131,250,2,18-07-2018,N
K,8,78,2,345,F,CPIC,112,205,3,19-07-2018,N
K,8,78,2,346,M,CPIC,134,240,0,19-07-2018,N
K,8,78,2,347,M,CPIC,131,260,0,19-07-2018,N
K,5,75,2,375,M,CPIC,131,245,4,19-07-2018,N
K,4,74,2,186,M,CPIC,130,250,2,19-07-2018,R
K,4,74,2,465,M,CPIC,140,325,5,19-07-2018,R
L,2,82,1,428,M,CPIC,124,250,0,19-07-2018,N
L,2,82,1,99,F,CPIC,139,285,1,19-07-2018,N
L,4,84,1,98,F,CPIC,148,430,3,19-07-2018,N
L,5,85,1,129,U,CPIC,76,55,2,19-07-2018,N
L,5,85,1,429,M,CPIC,127,225,3,19-07-2018,N
L,5,85,1,128,M,CPIC,122,220,0,19-07-2018,N
L,5,85,1,109,M,CPIC,123,180,1,19-07-2018,N
L,5,85,1,308,F,CPIC,113,205,1,19-07-2018,N
L,6,86,1,209,U,CPIC,63,30,0,19-07-2018,N
L,7,87,1,248,M,CPIC,116,185,17,19-07-2018,N
L,7,87,1,218,M,CPIC,138,295,5,19-07-2018,N
L,7,87,1,219,M,CPIC,139,300,1,19-07-2018,N
L,7,87,1,475,F,CPIC,147,430,0,19-07-2018,N
L,8,88,1,249,M,CPIC,134,270,2,19-07-2018,N
K,6,76,3,139,M,CPIC,123,220,1,20-07-2018,R
K,5,75,3,377,F,CPIC,103,145,0,20-07-2018,N
K,4,74,3,437,F,CPIC,155,450,3,20-07-2018,N
L,1,81,2,98,F,CPIC,148,440,1,20-07-2018,R
L,2,82,2,20,U,GINS,86,85,NA,20-07-2018,N
L,6,86,2,500,U,CPIC,58,25,0,20-07-2018,N
L,6,86,2,1005,M,CPIC,136,285,6,20-07-2018,N
K,5,75,4,480,F,CPIC,77,55,2,21-07-2018,N
K,4,74,4,446,M,CPIC,98,135,5,21-07-2018,N
K,4,74,4,449,F,CPIC,119,215,1,21-07-2018,N
K,3,73,4,719,F,CPIC,117,210,2,21-07-2018,N
K,3,73,4,8,M,CPIC,120,225,4,21-07-2018,R
K,3,73,4,347,M,CPIC,131,255,1,21-07-2018,R
K,1,71,4,11,M,CPIC,140,320,9,21-07-2018,R
K,1,71,4,419,M,CPIC,106,110,3,21-07-2018,N
K,9,79,4,777,U,CPIC,50,15,0,21-07-2018,N
L,1,81,3,436,M,CPIC,131,270,5,21-07-2018,N
L,7,87,3,99,F,CPIC,139,275,1,21-07-2018,R
L,7,87,3,482,F,CPIC,126,285,0,21-07-2018,N
L,8,88,3,204B,M,CPIC,128,240,0,21-07-2018,R
L,8,88,3,429,M,CPIC,127,225,2,21-07-2018,R
L,8,88,3,484,F,CPIC,154,470,1,21-07-2018,N
L,8,88,3,481,M,CPIC,132,275,NA,21-07-2018,N
L,8,88,3,473,M,CPIC,117,185,1,21-07-2018,N
L,8,88,3,478,M,CPIC,141,340,3,21-07-2018,N
L,8,88,3,479,M,CPIC,130,245,0,21-07-2018,N
L,1,81,4,89,M,CPIC,136,295,0,22-07-2018,N
L,5,85,4,770,U,CSER,93,170,1,22-07-2018,N
M,2,92,1,354,F,CPIC,154,470,0,29-07-2018,N
M,2,92,1,351,M,CPIC,128,225,2,29-07-2018,N
M,2,92,1,300+40+70+1,F,CPIC,158,525,0,29-07-2018,N
M,2,92,1,352,F,CPIC,151,420,1,29-07-2018,N
M,4,94,1,367,M,CPIC,115,170,1,29-07-2018,N
M,4,94,1,900,F,CSER,172,1260,7,29-07-2018,N
M,5,95,1,467,F,CPIC,90,90,0,29-07-2018,N
M,5,95,1,476,M,CPIC,90,80,0,29-07-2018,N
M,5,95,1,337,M,CPIC,84,70,0,29-07-2018,N
M,5,95,1,394,M,CPIC,129,235,0,29-07-2018,N
M,5,95,1,433,M,CPIC,119,190,0,29-07-2018,N
M,5,95,1,463,F,CPIC,98,125,NA,29-07-2018,N
M,6,96,1,100,F,CSER,276,4410,0,29-07-2018,N
M,6,96,1,710,M,CSER,335,8780,1,29-07-2018,N
M,6,96,1,435,F,CPIC,126,225,0,29-07-2018,N
M,6,96,1,453,M,CPIC,137,255,1,29-07-2018,N
M,8,98,1,456,M,CPIC,112,155,NA,29-07-2018,N
M,9,99,1,457,M,CPIC,81,60,0,29-07-2018,N
M,9,99,1,455,M,CPIC,112,165,0,29-07-2018,N
M,9,99,1,335,F,CPIC,123,225,0,29-07-2018,N
M,9,99,1,333,F,CPIC,133,340,NA,29-07-2018,N
M,10,100,1,840,M,CPIC,121,210,2,29-07-2018,N
M,10,100,1,730,M,CSER,364,12320,9,29-07-2018,N
M,11,101,1,17,F,SODO,108,175,3,29-07-2018,N
M,11,101,1,18,M,SODO,86,70,0,29-07-2018,N
M,12,102,1,720,M,CSER,385,13240,0,29-07-2018,N
M,12,102,1,740,M,CSER,275,4850,0,29-07-2018,N
M,12,102,1,438,M,CPIC,139,275,5,29-07-2018,N
M,12,102,1,349,M,CPIC,131,260,0,29-07-2018,N
M,12,102,1,382,M,CPIC,128,255,0,29-07-2018,N
M,12,102,1,1024,M,CPIC,130,240,0,29-07-2018,N
M,12,102,1,343,M,CPIC,117,170,0,29-07-2018,N
M,12,102,1,348,M,CPIC,121,175,0,29-07-2018,N
M,12,102,1,25,F,SODO,94,120,0,29-07-2018,N
M,1,91,1,1011,F,CPIC,151,425,NA,29-07-2018,N
M,1,91,1,750,F,CSER,288,5700,0,29-07-2018,N
M,7,97,2,760,F,CSER,298,6060,0,30-07-2018,N
M,12,102,2,382,M,CPIC,129,260,7,30-07-2018,R
M,12,102,2,486,M,CPIC,131,265,0,30-07-2018,N
M,12,102,2,489,M,CPIC,132,245,0,30-07-2018,N
M,12,102,2,488,F,CPIC,137,365,0,30-07-2018,N
M,12,102,2,487,F,CPIC,149,425,2,30-07-2018,N
M,1,91,2,483,M,CPIC,131,215,0,30-07-2018,N
M,2,92,3,394,M,CPIC,129,240,0,31-07-2018,R
M,2,92,3,391,M,CPIC,96,120,0,31-07-2018,N
M,2,92,3,392,M,CPIC,126,240,1,31-07-2018,N
M,2,92,3,384,F,CPIC,149,410,3,31-07-2018,N
M,2,92,3,365,M,CPIC,128,240,0,31-07-2018,N
M,2,92,3,309,M,CPIC,134,290,1,31-07-2018,N
M,2,92,3,366,M,CPIC,127,260,6,31-07-2018,N
M,3,93,3,10,M,TSCR,197,1070,0,31-07-2018,N
M,3,93,3,357,M,CPIC,103,135,0,31-07-2018,N
M,3,93,3,356,M,CPIC,121,220,5,31-07-2018,N
M,3,93,3,383,F,CPIC,145,410,30,31-07-2018,N
M,5,95,3,378,M,CPIC,132,265,0,31-07-2018,N
M,6,96,3,379,M,CPIC,109,150,0,31-07-2018,N
M,7,97,3,353,M,CPIC,106,155,0,31-07-2018,N
M,7,97,3,355,M,CPIC,130,250,21,31-07-2018,N
M,7,97,3,358,M,CPIC,119,200,1,31-07-2018,N
M,8,98,3,369,M,CPIC,105,150,1,31-07-2018,N
M,8,98,3,376,M,CPIC,121,220,0,31-07-2018,N
M,8,98,3,359,M,CPIC,133,250,1,31-07-2018,N
M,10,100,3,373,M,CPIC,124,220,2,31-07-2018,N
M,10,100,3,466,M,CPIC,137,300,0,31-07-2018,N
M,10,100,3,458,F,CPIC,140,345,8,31-07-2018,N
M,10,100,3,439,M,CPIC,134,280,0,31-07-2018,N
M,10,100,3,459,M,CPIC,133,250,5,31-07-2018,N
M,11,101,3,469,M,CPIC,96,115,0,31-07-2018,N
M,11,101,3,395,M,CPIC,117,190,0,31-07-2018,N
M,11,101,3,396,M,CPIC,130,255,1,31-07-2018,N
M,11,101,3,386,M,CPIC,131,280,2,31-07-2018,N
M,12,102,3,363,M,CPIC,124,240,4,31-07-2018,N
M,1,91,3,387,F,CPIC,136,340,1,31-07-2018,N
M,1,91,3,388,F,CPIC,144,390,0,31-07-2018,N
M,6,96,4,392,M,CPIC,125,240,1,8/1/18,R
M,7,97,4,397,M,CPIC,127,230,2,8/1/18,N
M,7,97,4,398,M,CPIC,125,230,0,8/1/18,N
M,7,97,4,399,M,CPIC,127,240,1,8/1/18,N
M,7,97,4,385,F,CPIC,133,305,2,8/1/18,N
M,7,97,4,389,M,CPIC,137,280,0,8/1/18,N
M,7,97,4,393,F,CPIC,153,470,3,8/1/18,N
M,8,98,4,338,M,CPIC,98,130,2,8/1/18,N
M,8,98,4,1338,M,CPIC,119,175,0,8/1/18,N
M,8,98,4,368,M,CPIC,116,205,0,8/1/18,N
M,8,98,4,468,M,CPIC,128,220,1,8/1/18,N
M,8,98,4,255,M,CPIC,127,245,1,8/1/18,N
M,8,98,4,258,F,CPIC,142,345,0,8/1/18,N
M,8,98,4,339,M,CPIC,132,245,1,8/1/18,N
M,8,98,4,6,M,PRUB,268,2190,1,8/1/18,N
M,10,100,4,25,F,SODO,94,135,7,8/1/18,R
M,10,100,4,458,F,CPIC,139,345,6,8/1/18,R
M,10,100,4,327,M,CPIC,131,260,0,8/1/18,N
M,10,100,4,328,M,CPIC,123,225,2,8/1/18,N
M,10,100,4,313,M,CPIC,132,275,1,8/1/18,N
M,10,100,4,253,M,CPIC,126,250,0,8/1/18,N
M,11,101,4,267,M,CPIC,131,270,0,8/1/18,N
M,11,101,4,179,M,CPIC,125,245,1,8/1/18,N
M,11,101,4,199,F,CPIC,148,400,1,8/1/18,N
M,1,91,4,1078,M,CPIC,136,300,2,8/1/18,N
M,1,91,4,238,M,CPIC,136,385,0,8/1/18,N
N,1,103,1,800,M,CSER,369,13050,26,8/8/18,N
N,1,103,1,1007,M,CPIC,119,190,0,8/8/18,N
N,1,103,1,960,M,CPIC,136,275,0,8/8/18,N
N,1,103,1,801,M,CPIC,142,325,1,8/8/18,N
N,1,103,1,19,M,SODO,100,160,1,8/8/18,N
N,1,103,1,33,M,SODO,99,140,0,8/8/18,N
N,1,103,1,35,F,SODO,97,120,1,8/8/18,N
N,3,105,1,107,F,SODO,99,145,11,8/8/18,N
N,3,105,1,37,M,SODO,111,185,2,8/8/18,N
N,4,106,1,810,M,CSER,304,7060,21,8/8/18,N
N,4,106,1,820,M,CSER,311,8040,1,8/8/18,N
N,4,106,1,161,M,CPIC,114,175,0,8/8/18,N
N,4,106,1,162,M,CPIC,113,180,1,8/8/18,N
N,4,106,1,164,F,CPIC,143,405,1,8/8/18,N
N,4,106,1,166,F,CPIC,153,415,0,8/8/18,N
N,4,106,1,53,F,SODO,99,135,1,8/8/18,N
N,7,109,1,491,M,CPIC,122,220,0,8/8/18,N
N,7,109,1,2007,M,CPIC,135,285,0,8/8/18,N
N,7,109,1,611,F,CPIC,142,345,1,8/8/18,N
N,7,109,1,163,M,CPIC,129,265,6,8/8/18,N
N,7,109,1,167,M,CPIC,130,230,0,8/8/18,N
N,8,110,1,490,F,CPIC,157,490,0,8/8/18,N
N,8,110,1,492,M,CPIC,144,290,1,8/8/18,N
N,8,110,1,9,M,SODO,108,190,0,8/8/18,N
N,8,110,1,36,F,SODO,94,135,10,8/8/18,N
N,8,110,1,703,M,PRUB,217,1110,0,8/8/18,N
N,8,110,1,74,M,PRUB,283,2410,0,8/8/18,N
N,8,110,1,75,F,PRUB,296,3360,0,8/8/18,N
N,8,110,1,55,M,PRUB,269,1490,0,8/8/18,N
N,8,110,1,45,M,PRUB,272,2320,0,8/8/18,N
N,8,110,1,8,M,PRUB,288,2450,0,8/8/18,N
N,9,111,1,494,M,CPIC,121,250,0,8/8/18,N
N,10,112,1,1021,M,CPIC,140,305,0,8/8/18,N
N,10,112,1,165,M,CPIC,125,230,0,8/8/18,N
N,10,112,1,600,M,CPIC,116,195,1,8/8/18,N
N,10,112,1,601,M,CPIC,101,140,0,8/8/18,N
N,10,112,1,602,M,CPIC,124,215,0,8/8/18,N
N,10,112,1,34,M,PRUB,201,915,0,8/8/18,N
N,10,112,1,35,M,PRUB,237,1500,0,8/8/18,N
N,10,112,1,114,M,PRUB,271,2220,1,8/8/18,N
N,10,112,1,210,M,PRUB,271,2030,0,8/8/18,N
N,10,112,1,270,M,PRUB,258,2280,2,8/8/18,N
N,10,112,1,3400,M,SODO,93,125,1,8/8/18,N
N,1,103,2,830,F,CSER,279,4880,1,8/9/18,N
N,1,103,2,507,M,CPIC,122,200,0,8/9/18,N
N,1,103,2,511,M,CPIC,105,140,0,8/9/18,N
N,2,104,2,607,M,CPIC,106,160,0,8/9/18,N
N,2,104,2,612,M,CPIC,128,255,0,8/9/18,N
N,2,104,2,614,M,CPIC,131,275,0,8/9/18,N
N,2,104,2,604,F,CPIC,143,370,1,8/9/18,N
N,3,105,2,644,M,CPIC,128,265,1,8/9/18,N
N,3,105,2,642,M,CPIC,128,255,1,8/9/18,N
N,4,106,2,620,M,CPIC,119,205,0,8/9/18,N
N,4,106,2,141,F,PRUB,202,1120,1,8/9/18,N
N,6,108,2,163,M,CPIC,130,260,6,8/9/18,R
N,7,109,2,640,M,CPIC,110,180,1,8/9/18,N
N,7,109,2,622,F,CPIC,126,255,1,8/9/18,N
N,7,109,2,630,F,CPIC,149,425,1,8/9/18,N
N,7,109,2,624,M,CPIC,130,255,1,8/9/18,N
N,7,109,2,610,F,CPIC,145,395,1,8/9/18,N
N,8,110,2,670,F,CPIC,158,485,0,8/9/18,N
N,8,110,2,721,M,CPIC,117,180,1,8/9/18,N
N,8,110,2,250,M,PRUB,217,1120,0,8/9/18,N
N,8,110,2,211,M,PRUB,255,2080,0,8/9/18,N
N,8,110,2,402,F,PRUB,304,3770,NA,8/9/18,N
N,10,112,2,960,M,CPIC,136,295,0,8/9/18,R
N,1,103,3,512,M,CPIC,106,145,0,8/10/18,N
N,1,103,3,514,M,CPIC,129,250,0,8/10/18,N
N,1,103,3,521,M,CPIC,132,275,2,8/10/18,N
N,3,105,3,19,M,SODO,100,155,0,8/10/18,R
N,4,106,3,642,M,CPIC,128,255,1,8/10/18,R
N,5,107,3,610,F,CPIC,145,400,1,8/10/18,R
N,7,109,3,163,M,CPIC,130,260,6,8/10/18,R
N,7,109,3,522,M,CPIC,128,245,0,8/10/18,N
N,9,111,3,524,M,CPIC,116,190,1,8/10/18,N
N,9,111,3,107,M,PRUB,281,2690,0,8/10/18,N
N,10,112,3,492,M,CPIC,143,295,1,8/10/18,R
N,10,112,3,541,M,CPIC,109,155,0,8/10/18,N
N,1,103,4,830,F,CSER,278,4890,0,8/11/18,R
N,1,103,4,161,M,CPIC,114,185,0,8/11/18,R
N,1,103,4,530,M,CPIC,114,190,0,8/11/18,N
N,1,103,4,542,M,CPIC,127,235,0,8/11/18,N
N,1,103,4,544,M,CPIC,123,215,0,8/11/18,N
N,1,103,4,571,M,CPIC,123,230,0,8/11/18,N
N,1,103,4,572,F,CPIC,155,490,1,8/11/18,N
N,2,104,4,491,M,CPIC,123,225,0,8/11/18,R
N,2,104,4,560,F,CPIC,154,435,3,8/11/18,N
N,4,106,4,522,M,CPIC,128,240,0,8/11/18,R
N,4,106,4,550,F,CPIC,142,405,0,8/11/18,N
N,5,107,4,840,M,CSER,374,12320,0,8/11/18,N
N,5,107,4,611,F,CPIC,141,360,0,8/11/18,R
N,5,107,4,670,F,CPIC,158,490,0,8/11/18,R
N,5,107,4,624,M,CPIC,130,260,0,8/11/18,R
N,5,107,4,577,M,CPIC,109,165,0,8/11/18,N
N,5,107,4,524,F,CPIC,111,195,0,8/11/18,N
N,5,107,4,299,M,CPIC,128,220,1,8/11/18,N
N,5,107,4,580,M,CPIC,125,245,0,8/11/18,N
N,5,107,4,532,F,CPIC,145,395,18,8/11/18,N
N,5,107,4,508,M,CPIC,127,235,0,8/11/18,N
N,5,107,4,531,F,CPIC,140,315,5,8/11/18,N
N,5,107,4,533,F,CPIC,143,370,1,8/11/18,N
N,5,107,4,534,F,CPIC,156,470,1,8/11/18,N
N,5,107,4,535,F,CPIC,148,420,5,8/11/18,N
N,5,107,4,711,M,CPIC,150,365,0,8/11/18,N
N,5,107,4,536,F,CPIC,130,280,1,8/11/18,N
N,5,107,4,545,F,CPIC,138,345,0,8/11/18,N
N,5,107,4,513,M,CPIC,136,270,0,8/11/18,N
N,5,107,4,83,M,PRUB,213,995,0,8/11/18,N
N,5,107,4,9,M,PRUB,222,1210,0,8/11/18,N
N,5,107,4,15,F,PRUB,245,1770,1,8/11/18,N
N,5,107,4,19,M,PRUB,279,2040,0,8/11/18,N
N,6,108,4,642,M,CPIC,128,270,1,8/11/18,R
N,6,108,4,211,M,PRUB,254,2040,0,8/11/18,R
N,6,108,4,46,M,PRUB,197,830,0,8/11/18,N
N,6,108,4,27,F,PRUB,249,1750,0,8/11/18,N
N,6,108,4,29,M,PRUB,282,2620,0,8/11/18,N
N,7,109,4,13,F,SODO,95,140,8,8/11/18,N
N,7,109,4,515,F,CPIC,131,340,0,8/11/18,N
N,7,109,4,516,M,CPIC,122,250,8,8/11/18,N
N,7,109,4,250,M,PRUB,217,1140,2,8/11/18,R
N,7,109,4,210,M,PRUB,272,1980,0,8/11/18,R
N,7,109,4,33,M,PRUB,237,1470,0,8/11/18,N
N,7,109,4,38,M,PRUB,256,1730,0,8/11/18,N
N,8,110,4,162,M,CPIC,113,180,1,8/11/18,R
N,8,110,4,600,M,CPIC,115,180,0,8/11/18,R
N,8,110,4,527,M,CPIC,115,200,0,8/11/18,N
N,8,110,4,517,M,CPIC,102,130,0,8/11/18,N
N,8,110,4,730,U,CPIC,67,50,0,8/11/18,N
N,8,110,4,707,M,CPIC,96,110,1,8/11/18,N
N,8,110,4,741,M,CPIC,130,245,0,8/11/18,N
N,8,110,4,714,M,CPIC,134,300,4,8/11/18,N
N,8,110,4,705,M,CPIC,120,220,0,8/11/18,N
N,8,110,4,722,F,CPIC,139,355,0,8/11/18,N
N,8,110,4,724,M,CPIC,134,300,0,8/11/18,N
N,8,110,4,744,F,CPIC,146,440,0,8/11/18,N
N,8,110,4,605,F,CPIC,151,440,1,8/11/18,N
N,9,111,4,712,M,CPIC,122,210,0,8/11/18,N
N,9,111,4,742,M,CPIC,129,250,0,8/11/18,N
N,9,111,4,645,M,CPIC,126,230,1,8/11/18,N
N,9,111,4,680,M,CPIC,148,335,NA,8/11/18,N
N,9,111,4,650,M,CPIC,126,230,NA,8/11/18,N
N,9,111,4,660,M,CPIC,125,220,NA,8/11/18,N
N,9,111,4,26,F,PRUB,265,2240,NA,8/11/18,N
N,9,111,4,77,M,PRUB,240,1540,NA,8/11/18,N
N,9,111,4,301,F,PRUB,265,2070,NA,8/11/18,N
N,9,111,4,84,M,PRUB,216,1060,NA,8/11/18,N
N,10,112,4,804,M,CPIC,127,260,NA,8/11/18,N
N,10,112,4,802,M,CPIC,123,230,NA,8/11/18,N
N,10,112,4,690,M,CPIC,135,300,NA,8/11/18,N
N,10,112,4,304,M,PRUB,266,1980,NA,8/11/18,N
N,10,112,4,302,M,PRUB,223,1160,NA,8/11/18,N
O,10,122,1,706,M,CPIC,120,210,0,16-08-2018,N
O,10,122,1,708,F,CPIC,95,130,0,16-08-2018,N
O,10,122,1,727,F,CPIC,115,260,0,16-08-2018,N
O,9,121,1,850,M,CSER,355,10370,0,16-08-2018,N
O,9,121,1,647,F,CPIC,124,250,2,16-08-2018,N
O,9,121,1,717,F,CPIC,151,430,0,16-08-2018,N
O,9,121,1,648,M,CPIC,109,175,0,16-08-2018,N
O,9,121,1,651,M,CPIC,130,260,1,16-08-2018,N
O,9,121,1,646,F,CPIC,159,500,1,16-08-2018,N
O,9,121,1,671,M,CPIC,115,195,0,16-08-2018,N
O,9,121,1,672,M,CPIC,114,185,0,16-08-2018,N
O,9,121,1,674,F,CPIC,150,380,2,16-08-2018,N
O,9,121,1,677,M,CPIC,116,195,0,16-08-2018,N
O,9,121,1,723,M,CPIC,127,240,0,16-08-2018,N
O,9,121,1,725,M,CPIC,97,125,0,16-08-2018,N
O,9,121,1,716,F,CPIC,138,350,0,16-08-2018,N
O,9,121,1,715,M,CPIC,115,185,0,16-08-2018,N
O,9,121,1,726,M,CPIC,127,250,0,16-08-2018,N
O,9,121,1,709,M,CPIC,103,150,0,16-08-2018,N
O,9,121,1,751,M,CPIC,132,280,0,16-08-2018,N
O,9,121,1,750,M,CPIC,132,275,0,16-08-2018,N
O,9,121,1,203,M,PRUB,265,2360,1,16-08-2018,N
O,9,121,1,45,M,SODO,102,140,2,16-08-2018,N
O,8,120,1,608,M,CPIC,110,145,0,16-08-2018,N
O,8,120,1,609,F,CPIC,147,420,1,16-08-2018,N
O,8,120,1,613,M,CPIC,114,185,0,16-08-2018,N
O,8,120,1,581,F,CPIC,150,440,7,16-08-2018,N
O,8,120,1,582,M,CPIC,111,180,0,16-08-2018,N
O,8,120,1,66,M,PRUB,278,2310,0,16-08-2018,N
O,8,120,1,546,F,CPIC,144,430,5,16-08-2018,N
O,8,120,1,573,M,CPIC,130,235,1,16-08-2018,N
O,8,120,1,547,M,CPIC,113,160,0,16-08-2018,N
O,8,120,1,551,M,CPIC,127,235,2,16-08-2018,N
O,8,120,1,543,M,CPIC,123,230,1,16-08-2018,N
O,8,120,1,526,M,CPIC,122,235,2,16-08-2018,N
O,8,120,1,537,M,CPIC,124,235,1,16-08-2018,N
O,8,120,1,603,M,CPIC,131,245,0,16-08-2018,N
O,8,120,1,1306,M,CPIC,121,240,0,16-08-2018,N
O,8,120,1,575,F,CPIC,155,435,0,16-08-2018,N
O,8,120,1,576,M,CPIC,131,240,0,16-08-2018,N
O,8,120,1,28,F,SODO,93,125,1,16-08-2018,N
O,8,120,1,29,F,SODO,101,150,2,16-08-2018,N
O,7,119,1,509,M,CPIC,132,260,2,16-08-2018,N
O,5,117,1,860,M,CSER,300,810,1,16-08-2018,N
O,5,117,1,870,M,CSER,365,11770,1,16-08-2018,N
O,5,117,1,493,M,CPIC,117,200,0,16-08-2018,N
O,5,117,1,497,M,CPIC,113,150,1,16-08-2018,N
O,5,117,1,554,M,CPIC,128,270,0,16-08-2018,N
O,5,117,1,552,F,CPIC,140,330,2,16-08-2018,N
O,5,117,1,561,F,CPIC,134,320,0,16-08-2018,N
O,4,116,1,621,M,CPIC,131,230,1,16-08-2018,N
O,4,116,1,616,M,CPIC,129,250,1,16-08-2018,N
O,4,116,1,615,M,CPIC,125,220,0,16-08-2018,N
O,4,116,1,617,M,CPIC,151,430,1,16-08-2018,N
O,4,116,1,618,F,CPIC,130,300,1,16-08-2018,N
O,3,115,1,625,F,CPIC,146,380,0,16-08-2018,N
O,3,115,1,91,M,SODO,101,150,1,16-08-2018,N
O,4,116,1,627,M,CPIC,123,235,1,16-08-2018,N
O,2,114,1,495,M,CPIC,125,200,0,16-08-2018,N
O,2,114,1,591,M,CPIC,95,80,0,16-08-2018,N
O,2,114,1,595,M,CPIC,116,180,4,16-08-2018,N
O,2,114,1,108,F,SODO,95,135,2,16-08-2018,N
O,1,113,1,880,F,CSER,312,6440,7,16-08-2018,N
O,1,113,1,890,M,CSER,331,8190,15,16-08-2018,N
O,1,113,1,623,M,CPIC,120,200,1,16-08-2018,N
O,1,113,1,564,M,CPIC,125,210,0,16-08-2018,N
O,1,113,1,590,F,CPIC,152,460,0,16-08-2018,N
O,1,113,1,592,M,CPIC,126,240,0,16-08-2018,N
O,1,113,1,562,M,CPIC,124,225,0,16-08-2018,N
O,1,113,1,631,F,CPIC,146,400,0,16-08-2018,N
O,1,113,1,761,M,CPIC,124,220,1,16-08-2018,N
O,1,113,1,762,F,CPIC,143,380,0,16-08-2018,N
O,10,122,2,49,F,SODO,85,110,1,17-08-2018,N
O,8,120,2,911,M,CPIC,93,110,0,17-08-2018,N
O,8,120,2,912,M,CPIC,79,75,0,17-08-2018,N
O,8,120,2,841,M,CPIC,116,190,0,17-08-2018,N
O,8,120,2,850,M,CPIC,129,280,1,17-08-2018,N
O,8,120,2,914,F,CPIC,147,440,0,17-08-2018,N
O,8,120,2,917,M,CPIC,131,240,0,17-08-2018,N
O,8,120,2,609,F,CPIC,148,420,0,17-08-2018,R
O,8,120,2,113,F,PRUB,256,1960,1,17-08-2018,N
O,8,120,2,115,M,PRUB,289,2390,3,17-08-2018,N
O,7,119,2,750,M,CPIC,134,265,0,17-08-2018,R
O,7,119,2,554,M,CPIC,128,265,0,17-08-2018,R
O,7,119,2,905,F,CPIC,128,270,1,17-08-2018,N
O,6,118,2,497,M,CPIC,112,170,2,17-08-2018,R
O,6,118,2,906,F,CPIC,149,430,10,17-08-2018,N
O,2,114,2,625,F,CPIC,146,355,0,17-08-2018,R
O,2,114,2,1420,U,CPIC,60,35,0,17-08-2018,N
O,2,114,2,92,F,SODO,98,150,3,17-08-2018,N
O,10,122,3,713,M,CPIC,105,155,0,18-08-2018,N
O,10,122,3,743,F,CPIC,153,455,1,18-08-2018,N
O,9,121,3,617,M,CPIC,130,295,3,18-08-2018,R
O,8,120,3,592,M,CPIC,130,235,0,18-08-2018,R
O,8,120,3,706,M,CPIC,121,230,0,18-08-2018,R
O,8,120,3,546,F,CPIC,145,425,6,18-08-2018,R
O,8,120,3,651,M,CPIC,130,265,1,18-08-2018,R
O,8,120,3,745,M,CPIC,104,145,2,18-08-2018,N
O,8,120,3,746,M,CPIC,115,175,1,18-08-2018,N
O,8,120,3,747,F,CPIC,128,310,0,18-08-2018,N
O,8,120,3,57,M,PRUB,164,535,0,18-08-2018,N
O,8,120,3,4000,F,PRUB,243,1540,2,18-08-2018,N
O,8,120,3,340,M,PRUB,290,2780,2,18-08-2018,N
O,7,119,3,551,M,CPIC,128,240,3,18-08-2018,R
O,7,119,3,603,M,CPIC,133,265,0,18-08-2018,R
O,7,119,3,970,M,CPIC,124,210,0,18-08-2018,N
O,7,119,3,940,F,CPIC,144,375,1,18-08-2018,N
O,5,117,3,562,M,CPIC,124,225,2,18-08-2018,R
O,4,116,3,841,M,CPIC,116,190,1,18-08-2018,R
O,4,116,3,509,M,CPIC,132,270,2,18-08-2018,R
O,3,115,3,495,M,CPIC,119,200,0,18-08-2018,R
O,3,115,3,880,F,CPIC,146,410,2,18-08-2018,N
O,3,115,3,734,F,CPIC,152,405,1,18-08-2018,N
O,2,114,3,623,M,CPIC,121,205,0,18-08-2018,R
O,2,114,3,731,M,CPIC,114,175,0,18-08-2018,N
O,2,114,3,646,F,CPIC,161,505,1,18-08-2018,R
O,2,114,3,103,F,SODO,92,120,0,18-08-2018,N
O,10,122,4,880,F,CSER,314,6450,4,19-08-2018,R
O,10,122,4,29,F,SODO,101,150,0,19-08-2018,R
O,9,121,4,715,M,CPIC,115,190,0,19-08-2018,R
O,9,121,4,850,M,CPIC,129,260,1,19-08-2018,R
O,9,121,4,94,F,SODO,87,105,3,19-08-2018,N
O,8,120,4,1306,M,CPIC,124,240,0,19-08-2018,R
O,7,119,4,493,M,CPIC,117,195,1,19-08-2018,R
O,6,118,4,617,M,CPIC,130,295,2,19-08-2018,R
O,5,117,4,592,M,CPIC,130,245,0,19-08-2018,R
O,5,117,4,761,M,CPIC,125,225,0,19-08-2018,R
O,3,115,4,108,F,SODO,95,135,2,19-08-2018,R
O,2,114,4,807,M,CPIC,136,290,3,19-08-2018,N
O,1,113,4,940,F,CPIC,144,380,0,19-08-2018,R